background,character,object,generated image
countryside,mage,anchor,generated0
countryside,mage,axe,generated1
countryside,mage,bananas,generated2
countryside,mage,barrel,generated3
countryside,mage,bomb,generated4
countryside,mage,chest,generated5
countryside,mage,cupcake,generated6
countryside,mage,donut,generated7
countryside,mage,heart,generated8
countryside,mage,key,generated9
countryside,mage,none,generated10
countryside,monster,anchor,generated11
countryside,monster,axe,generated12
countryside,monster,bananas,generated13
countryside,monster,barrel,generated14
countryside,monster,bomb,generated15
countryside,monster,chest,generated16
countryside,monster,cupcake,generated17
countryside,monster,donut,generated18
countryside,monster,heart,generated19
countryside,monster,key,generated20
countryside,monster,none,generated21
countryside,pirate,anchor,generated22
countryside,pirate,axe,generated23
countryside,pirate,bananas,generated24
countryside,pirate,barrel,generated25
countryside,pirate,bomb,generated26
countryside,pirate,chest,generated27
countryside,pirate,cupcake,generated28
countryside,pirate,donut,generated29
countryside,pirate,heart,generated30
countryside,pirate,key,generated31
countryside,pirate,none,generated32
countryside,toadking,anchor,generated33
countryside,toadking,axe,generated34
countryside,toadking,bananas,generated35
countryside,toadking,barrel,generated36
countryside,toadking,bomb,generated37
countryside,toadking,chest,generated38
countryside,toadking,cupcake,generated39
countryside,toadking,donut,generated40
countryside,toadking,heart,generated41
countryside,toadking,key,generated42
countryside,toadking,none,generated43
countryside,warrior,anchor,generated44
countryside,warrior,axe,generated45
countryside,warrior,bananas,generated46
countryside,warrior,barrel,generated47
countryside,warrior,bomb,generated48
countryside,warrior,chest,generated49
countryside,warrior,cupcake,generated50
countryside,warrior,donut,generated51
countryside,warrior,heart,generated52
countryside,warrior,key,generated53
countryside,warrior,none,generated54
desert,mage,anchor,generated55
desert,mage,axe,generated56
desert,mage,bananas,generated57
desert,mage,barrel,generated58
desert,mage,bomb,generated59
desert,mage,chest,generated60
desert,mage,cupcake,generated61
desert,mage,donut,generated62
desert,mage,heart,generated63
desert,mage,key,generated64
desert,mage,none,generated65
desert,monster,anchor,generated66
desert,monster,axe,generated67
desert,monster,bananas,generated68
desert,monster,barrel,generated69
desert,monster,bomb,generated70
desert,monster,chest,generated71
desert,monster,cupcake,generated72
desert,monster,donut,generated73
desert,monster,heart,generated74
desert,monster,key,generated75
desert,monster,none,generated76
desert,pirate,anchor,generated77
desert,pirate,axe,generated78
desert,pirate,bananas,generated79
desert,pirate,barrel,generated80
desert,pirate,bomb,generated81
desert,pirate,chest,generated82
desert,pirate,cupcake,generated83
desert,pirate,donut,generated84
desert,pirate,heart,generated85
desert,pirate,key,generated86
desert,pirate,none,generated87
desert,toadking,anchor,generated88
desert,toadking,axe,generated89
desert,toadking,bananas,generated90
desert,toadking,barrel,generated91
desert,toadking,bomb,generated92
desert,toadking,chest,generated93
desert,toadking,cupcake,generated94
desert,toadking,donut,generated95
desert,toadking,heart,generated96
desert,toadking,key,generated97
desert,toadking,none,generated98
desert,warrior,anchor,generated99
desert,warrior,axe,generated100
desert,warrior,bananas,generated101
desert,warrior,barrel,generated102
desert,warrior,bomb,generated103
desert,warrior,chest,generated104
desert,warrior,cupcake,generated105
desert,warrior,donut,generated106
desert,warrior,heart,generated107
desert,warrior,key,generated108
desert,warrior,none,generated109
forest,mage,anchor,generated110
forest,mage,axe,generated111
forest,mage,bananas,generated112
forest,mage,barrel,generated113
forest,mage,bomb,generated114
forest,mage,chest,generated115
forest,mage,cupcake,generated116
forest,mage,donut,generated117
forest,mage,heart,generated118
forest,mage,key,generated119
forest,mage,none,generated120
forest,monster,anchor,generated121
forest,monster,axe,generated122
forest,monster,bananas,generated123
forest,monster,barrel,generated124
forest,monster,bomb,generated125
forest,monster,chest,generated126
forest,monster,cupcake,generated127
forest,monster,donut,generated128
forest,monster,heart,generated129
forest,monster,key,generated130
forest,monster,none,generated131
forest,pirate,anchor,generated132
forest,pirate,axe,generated133
forest,pirate,bananas,generated134
forest,pirate,barrel,generated135
forest,pirate,bomb,generated136
forest,pirate,chest,generated137
forest,pirate,cupcake,generated138
forest,pirate,donut,generated139
forest,pirate,heart,generated140
forest,pirate,key,generated141
forest,pirate,none,generated142
forest,toadking,anchor,generated143
forest,toadking,axe,generated144
forest,toadking,bananas,generated145
forest,toadking,barrel,generated146
forest,toadking,bomb,generated147
forest,toadking,chest,generated148
forest,toadking,cupcake,generated149
forest,toadking,donut,generated150
forest,toadking,heart,generated151
forest,toadking,key,generated152
forest,toadking,none,generated153
forest,warrior,anchor,generated154
forest,warrior,axe,generated155
forest,warrior,bananas,generated156
forest,warrior,barrel,generated157
forest,warrior,bomb,generated158
forest,warrior,chest,generated159
forest,warrior,cupcake,generated160
forest,warrior,donut,generated161
forest,warrior,heart,generated162
forest,warrior,key,generated163
forest,warrior,none,generated164
glacial,mage,anchor,generated165
glacial,mage,axe,generated166
glacial,mage,bananas,generated167
glacial,mage,barrel,generated168
glacial,mage,bomb,generated169
glacial,mage,chest,generated170
glacial,mage,cupcake,generated171
glacial,mage,donut,generated172
glacial,mage,heart,generated173
glacial,mage,key,generated174
glacial,mage,none,generated175
glacial,monster,anchor,generated176
glacial,monster,axe,generated177
glacial,monster,bananas,generated178
glacial,monster,barrel,generated179
glacial,monster,bomb,generated180
glacial,monster,chest,generated181
glacial,monster,cupcake,generated182
glacial,monster,donut,generated183
glacial,monster,heart,generated184
glacial,monster,key,generated185
glacial,monster,none,generated186
glacial,pirate,anchor,generated187
glacial,pirate,axe,generated188
glacial,pirate,bananas,generated189
glacial,pirate,barrel,generated190
glacial,pirate,bomb,generated191
glacial,pirate,chest,generated192
glacial,pirate,cupcake,generated193
glacial,pirate,donut,generated194
glacial,pirate,heart,generated195
glacial,pirate,key,generated196
glacial,pirate,none,generated197
glacial,toadking,anchor,generated198
glacial,toadking,axe,generated199
glacial,toadking,bananas,generated200
glacial,toadking,barrel,generated201
glacial,toadking,bomb,generated202
glacial,toadking,chest,generated203
glacial,toadking,cupcake,generated204
glacial,toadking,donut,generated205
glacial,toadking,heart,generated206
glacial,toadking,key,generated207
glacial,toadking,none,generated208
glacial,warrior,anchor,generated209
glacial,warrior,axe,generated210
glacial,warrior,bananas,generated211
glacial,warrior,barrel,generated212
glacial,warrior,bomb,generated213
glacial,warrior,chest,generated214
glacial,warrior,cupcake,generated215
glacial,warrior,donut,generated216
glacial,warrior,heart,generated217
glacial,warrior,key,generated218
glacial,warrior,none,generated219
